{
  "model_type": "baseline_cnn",
  "architecture": "3_layer_cnn_with_flatten",
  "data_augmentation": false,
  "learning_rate_scheduling": false,
  "accuracy": [
    0.059811122715473175,
    0.12172088027000427,
    0.17943337559700012,
    0.2098635882139206,
    0.23294858634471893,
    0.23714585602283478,
    0.2875131070613861,
    0.32109129428863525,
    0.30010494589805603,
    0.3336831033229828,
    0.3651626408100128,
    0.37460651993751526,
    0.3976914882659912,
    0.3945435583591461,
    0.4092339873313904,
    0.445960134267807,
    0.45330536365509033,
    0.47429171204566956,
    0.47219306230545044,
    0.5162644386291504,
    0.5015739798545837,
    0.5267575979232788,
    0.5771248936653137,
    0.563483715057373
  ],
  "val_accuracy": [
    0.02092050202190876,
    0.050209205597639084,
    0.07531380653381348,
    0.03765690326690674,
    0.071129709482193,
    0.08786610513925552,
    0.17991632223129272,
    0.17573221027851105,
    0.17573221027851105,
    0.20083682239055634,
    0.21338912844657898,
    0.2092050164937973,
    0.142259418964386,
    0.29288703203201294,
    0.17154811322689056,
    0.17573221027851105,
    0.08786610513925552,
    0.15062761306762695,
    0.12133891135454178,
    0.14644351601600647,
    0.09623430669307709,
    0.26359832286834717,
    0.0920502096414566,
    0.2092050164937973
  ],
  "loss": [
    3.278294324874878,
    2.9744815826416016,
    2.7510581016540527,
    2.6277544498443604,
    2.489426851272583,
    2.414914846420288,
    2.298168420791626,
    2.186041831970215,
    2.156167507171631,
    2.1202826499938965,
    1.9879990816116333,
    1.944456934928894,
    1.8495796918869019,
    1.8960479497909546,
    1.7592284679412842,
    1.6403248310089111,
    1.6670331954956055,
    1.59036123752594,
    1.5666499137878418,
    1.5211460590362549,
    1.5140799283981323,
    1.4143617153167725,
    1.3220330476760864,
    1.2982113361358643
  ],
  "val_loss": [
    4.2550482749938965,
    3.816434383392334,
    3.52071213722229,
    4.558250904083252,
    3.270611524581909,
    4.245484352111816,
    2.824549674987793,
    2.6789302825927734,
    2.7155117988586426,
    2.5394446849823,
    2.536055088043213,
    2.4877824783325195,
    3.1798815727233887,
    2.3796327114105225,
    3.009092092514038,
    3.5229897499084473,
    3.3593316078186035,
    3.2625977993011475,
    3.8483431339263916,
    3.6903393268585205,
    4.1874494552612305,
    2.814142942428589,
    6.7888569831848145,
    2.621253728866577
  ],
  "best_val_accuracy": 0.29288703203201294,
  "best_epoch": 13,
  "final_test_accuracy": 0.3033333420753479,
  "final_test_loss": 2.322233200073242,
  "total_epochs": 24,
  "total_parameters": 162971,
  "class_imbalance_ratio": 3.272727272727273
}