{
  "model_type": "baseline_cnn",
  "architecture": "3_layer_cnn_with_flatten",
  "data_augmentation": false,
  "learning_rate_scheduling": false,
  "accuracy": [
    0.08919202536344528,
    0.14375655353069305,
    0.18363064527511597,
    0.22770199179649353,
    0.2476390302181244,
    0.27072402834892273,
    0.29485833644866943,
    0.3168940246105194,
    0.3252885639667511,
    0.35047218203544617,
    0.360965371131897,
    0.40398740768432617,
    0.38824763894081116,
    0.4186778664588928,
    0.430220365524292,
    0.46589717268943787,
    0.5036725997924805,
    0.4648478627204895,
    0.4816369414329529,
    0.5288562178611755,
    0.5792235136032104,
    0.5708289742469788,
    0.5813221335411072,
    0.5865687131881714,
    0.5981112122535706,
    0.6044071316719055
  ],
  "val_accuracy": [
    0.0460251048207283,
    0.0460251048207283,
    0.0460251048207283,
    0.05857740715146065,
    0.15481171011924744,
    0.12970711290836334,
    0.12970711290836334,
    0.21338912844657898,
    0.1631799191236496,
    0.27196651697158813,
    0.21338912844657898,
    0.24686191976070404,
    0.0920502096414566,
    0.15062761306762695,
    0.2761506140232086,
    0.42677825689315796,
    0.3305439352989197,
    0.10041841119527817,
    0.2510460317134857,
    0.0920502096414566,
    0.22594141960144043,
    0.17991632223129272,
    0.40167364478111267,
    0.284518837928772,
    0.3221757411956787,
    0.3305439352989197
  ],
  "loss": [
    3.1865696907043457,
    2.9575769901275635,
    2.714634656906128,
    2.5626068115234375,
    2.451850175857544,
    2.3238205909729004,
    2.2149548530578613,
    2.181140184402466,
    2.0960121154785156,
    2.0145721435546875,
    1.9369724988937378,
    1.8571206331253052,
    1.8058500289916992,
    1.769073247909546,
    1.7043401002883911,
    1.606092095375061,
    1.5824649333953857,
    1.6187762022018433,
    1.5606791973114014,
    1.4469044208526611,
    1.3122072219848633,
    1.3169904947280884,
    1.2793543338775635,
    1.23908269405365,
    1.1576062440872192,
    1.1547914743423462
  ],
  "val_loss": [
    3.8693888187408447,
    3.8543665409088135,
    3.4746618270874023,
    4.050438404083252,
    2.894611120223999,
    3.2171084880828857,
    3.1185808181762695,
    2.709702253341675,
    3.05462384223938,
    2.607917070388794,
    2.77662992477417,
    2.6241507530212402,
    12.665304183959961,
    6.387020111083984,
    2.4041757583618164,
    2.002716302871704,
    2.0889055728912354,
    4.415956020355225,
    2.4404616355895996,
    4.53998327255249,
    2.9536025524139404,
    3.276151657104492,
    2.032198905944824,
    2.8109676837921143,
    2.088170289993286,
    2.2524633407592773
  ],
  "best_val_accuracy": 0.42677825689315796,
  "best_epoch": 15,
  "final_test_accuracy": 0.3733333349227905,
  "final_test_loss": 2.044525623321533,
  "total_epochs": 26,
  "total_parameters": 162971,
  "class_imbalance_ratio": 3.272727272727273
}