{
  "accuracy": [
    0.0985507220029831,
    0.14589372277259827,
    0.14589372277259827,
    0.14106279611587524,
    0.1642512083053589,
    0.1835748851299286,
    0.2019323706626892,
    0.21449275314807892,
    0.2347826063632965,
    0.23285023868083954,
    0.2492753565311432,
    0.20772947371006012,
    0.22995169460773468,
    0.2280193269252777,
    0.22705313563346863,
    0.23091787099838257,
    0.25024154782295227,
    0.23864734172821045,
    0.25217390060424805,
    0.2666666805744171,
    0.25120773911476135,
    0.25217390060424805,
    0.26473429799079895,
    0.2425120770931244,
    0.27826085686683655,
    0.2550724744796753,
    0.27922704815864563,
    0.2743961215019226,
    0.2734299600124359,
    0.2811594307422638,
    0.2753623127937317,
    0.2879227101802826,
    0.27826085686683655,
    0.2879227101802826,
    0.30531400442123413,
    0.3004830777645111,
    0.29855072498321533,
    0.3072463870048523,
    0.3072463870048523,
    0.29758453369140625,
    0.2956521809101105,
    0.28985506296157837,
    0.308212548494339,
    0.31594201922416687,
    0.30338165163993835,
    0.33043476939201355,
    0.31111112236976624,
    0.3140096664428711,
    0.2927536368370056,
    0.30917873978614807
  ],
  "val_accuracy": [
    0.023166023194789886,
    0.03861003741621971,
    0.10038609802722931,
    0.13127413392066956,
    0.1660231649875641,
    0.2277992218732834,
    0.27413126826286316,
    0.1814671754837036,
    0.15830115973949432,
    0.06563706696033478,
    0.10038609802722931,
    0.15057915449142456,
    0.050193049013614655,
    0.10038609802722931,
    0.2702702581882477,
    0.2895752787590027,
    0.04633204638957977,
    0.1853281855583191,
    0.3243243098258972,
    0.3243243098258972,
    0.29343628883361816,
    0.27413126826286316,
    0.054054055362939835,
    0.10424710065126419,
    0.29343628883361816,
    0.2509652376174927,
    0.3204633295536041,
    0.2857142984867096,
    0.3243243098258972,
    0.29343628883361816,
    0.3050193190574646,
    0.3436293303966522,
    0.31274130940437317,
    0.25482624769210815,
    0.2432432472705841,
    0.2471042424440384,
    0.2818532884120941,
    0.25482624769210815,
    0.2471042424440384,
    0.3320463299751282,
    0.33976835012435913,
    0.23938223719596863,
    0.33976835012435913,
    0.3243243098258972,
    0.31660231947898865,
    0.3513513505458832,
    0.31274130940437317,
    0.3281853199005127,
    0.3011583089828491,
    0.1853281855583191
  ],
  "loss": [
    8.986042976379395,
    5.017102241516113,
    3.9575695991516113,
    3.6171209812164307,
    3.1874325275421143,
    3.324110269546509,
    3.2600343227386475,
    3.0665194988250732,
    3.039175271987915,
    3.0775375366210938,
    2.9834859371185303,
    2.945727586746216,
    2.9353485107421875,
    2.880847930908203,
    2.9310529232025146,
    2.9126596450805664,
    2.85772967338562,
    2.868107557296753,
    2.753533124923706,
    2.724529981613159,
    2.6882200241088867,
    2.766740322113037,
    2.746699571609497,
    2.804131507873535,
    2.6383860111236572,
    2.719829559326172,
    2.613314151763916,
    2.703566074371338,
    2.6166248321533203,
    2.6734840869903564,
    2.6405105590820312,
    2.5940723419189453,
    2.577714681625366,
    2.542398691177368,
    2.5048365592956543,
    2.552518367767334,
    2.5004656314849854,
    2.5588507652282715,
    2.4960005283355713,
    2.507781982421875,
    2.508880853652954,
    2.5030229091644287,
    2.4402737617492676,
    2.4910717010498047,
    2.46400785446167,
    2.3724541664123535,
    2.4026825428009033,
    2.482128858566284,
    2.460021495819092,
    2.4057302474975586
  ],
  "val_loss": [
    17.87858772277832,
    7.2104811668396,
    6.156428337097168,
    3.1552815437316895,
    2.907686233520508,
    2.8769311904907227,
    2.770249843597412,
    3.588411569595337,
    3.5671520233154297,
    5.730752944946289,
    3.6636455059051514,
    3.3933353424072266,
    21.489084243774414,
    9.734631538391113,
    2.77091121673584,
    2.7549681663513184,
    45.973018646240234,
    3.4989712238311768,
    2.638274908065796,
    2.6003029346466064,
    2.7541310787200928,
    2.7152278423309326,
    14.855396270751953,
    7.809855937957764,
    2.9032304286956787,
    3.0156543254852295,
    2.581092596054077,
    2.7865633964538574,
    2.784048080444336,
    2.8575215339660645,
    2.687433958053589,
    2.5651965141296387,
    2.6367533206939697,
    2.7649338245391846,
    2.7410387992858887,
    2.765655517578125,
    2.7225451469421387,
    2.787761688232422,
    2.771146297454834,
    2.4398579597473145,
    2.4966256618499756,
    2.7481906414031982,
    2.4697608947753906,
    2.547388792037964,
    2.5613439083099365,
    2.61704683303833,
    2.796952724456787,
    2.42136812210083,
    2.638721466064453,
    2.9349398612976074
  ],
  "best_val_accuracy": 0.3513513505458832,
  "final_test_accuracy": 0.20615383982658386,
  "final_test_loss": 2.901839017868042
}